{
	"info": {
		"_postman_id": "a8403fff-aa82-4758-b35c-35484fd5adab",
		"name": "DevOps_Entrega1",
		"schema": "https://schema.getpostman.com/json/collection/v2.1.0/collection.json"
	},
	"item": [
		{
			"name": "Login",
			"event": [
				{
					"listen": "test",
					"script": {
						"exec": [
							"pm.test(\"Status code is 200\", function() {",
							"    pm.response.to.have.status(200);",
							"    ",
							"    var jsonData = JSON.parse(responseBody);",
							"    pm.collectionVariables.set(\"token\", jsonData.token);",
							"});",
							""
						],
						"type": "text/javascript"
					}
				}
			],
			"request": {
				"method": "POST",
				"header": [],
				"body": {
					"mode": "raw",
					"raw": "{\r\n    \"username\":\"admin\",\r\n    \"password\":\"admin\"\r\n}",
					"options": {
						"raw": {
							"language": "json"
						}
					}
				},
				"url": {
					"raw": "{{base_url}}/auth/login",
					"host": [
						"{{base_url}}"
					],
					"path": [
						"auth",
						"login"
					]
				}
			},
			"response": []
		},
		{
			"name": "SignUp",
			"request": {
				"method": "POST",
				"header": [],
				"body": {
					"mode": "raw",
					"raw": "{\r\n    \"username\":\"admin\",\r\n    \"password1\":\"admin\",\r\n    \"password2\":\"admin\"\r\n}",
					"options": {
						"raw": {
							"language": "json"
						}
					}
				},
				"url": {
					"raw": "{{base_url}}/auth/signup",
					"host": [
						"{{base_url}}"
					],
					"path": [
						"auth",
						"signup"
					]
				}
			},
			"response": []
		},
		{
			"name": "AddBlackList",
			"request": {
				"auth": {
					"type": "bearer",
					"bearer": [
						{
							"key": "token",
							"value": "{{token}}",
							"type": "string"
						}
					]
				},
				"method": "POST",
				"header": [],
				"body": {
					"mode": "raw",
					"raw": "{\r\n    \"email\":\"admin\",\r\n    \"blocked_reason\":\"admin\"\r\n}",
					"options": {
						"raw": {
							"language": "json"
						}
					}
				},
				"url": {
					"raw": "{{base_url}}/blacklists",
					"host": [
						"{{base_url}}"
					],
					"path": [
						"blacklists"
					]
				}
			},
			"response": []
		},
		{
			"name": "GetBlackList",
			"request": {
				"auth": {
					"type": "bearer",
					"bearer": [
						{
							"key": "token",
							"value": "{{token}}",
							"type": "string"
						}
					]
				},
				"method": "GET",
				"header": [],
				"url": {
					"raw": "{{base_url}}/blacklists/admin",
					"host": [
						"{{base_url}}"
					],
					"path": [
						"blacklists",
						"admin"
					]
				}
			},
			"response": []
		},
		{
			"name": "Ping",
			"request": {
				"method": "GET",
				"header": [],
				"url": {
					"raw": "{{base_url}}/ping",
					"host": [
						"{{base_url}}"
					],
					"path": [
						"ping"
					]
				}
			},
			"response": []
		}
	],
	"event": [
		{
			"listen": "prerequest",
			"script": {
				"type": "text/javascript",
				"exec": [
					""
				]
			}
		},
		{
			"listen": "test",
			"script": {
				"type": "text/javascript",
				"exec": [
					""
				]
			}
		}
	],
	"variable": [
		{
			"key": "base_url",
			"value": "http://127.0.0.1:5000"
		},
		{
			"key": "token",
			"value": ""
		}
	]
}